RefImageName,NoiseType,NoisyImage
./utils/GrayScale/223.png,2,0.png
./utils/GrayScale/239.png,2,1.png
./utils/GrayScale/251.png,3,2.png
./utils/GrayScale/211.png,2,3.png
./utils/GrayScale/224.png,2,4.png
./utils/GrayScale/231.png,3,5.png
./utils/GrayScale/236.png,3,6.png
./utils/GrayScale/279.png,2,7.png
./utils/GrayScale/217.png,3,8.png
./utils/GrayScale/246.png,3,9.png
./utils/GrayScale/276.png,3,10.png
./utils/GrayScale/289.png,2,11.png
./utils/GrayScale/279.png,3,12.png
./utils/GrayScale/272.png,2,13.png
./utils/GrayScale/211.png,2,14.png
./utils/GrayScale/233.png,2,15.png
./utils/GrayScale/211.png,2,16.png
./utils/GrayScale/284.png,3,17.png
./utils/GrayScale/295.png,2,18.png
./utils/GrayScale/234.png,3,19.png
./utils/GrayScale/228.png,3,20.png
./utils/GrayScale/255.png,2,21.png
./utils/GrayScale/203.png,2,22.png
./utils/GrayScale/204.png,2,23.png
./utils/GrayScale/252.png,3,24.png
./utils/GrayScale/207.png,3,25.png
./utils/GrayScale/247.png,2,26.png
./utils/GrayScale/280.png,2,27.png
./utils/GrayScale/249.png,3,28.png
./utils/GrayScale/251.png,2,29.png
./utils/GrayScale/224.png,2,30.png
./utils/GrayScale/296.png,2,31.png
./utils/GrayScale/273.png,2,32.png
./utils/GrayScale/206.png,2,33.png
./utils/GrayScale/245.png,3,34.png
./utils/GrayScale/268.png,3,35.png
./utils/GrayScale/290.png,2,36.png
./utils/GrayScale/297.png,3,37.png
./utils/GrayScale/203.png,3,38.png
./utils/GrayScale/234.png,2,39.png
./utils/GrayScale/222.png,3,40.png
./utils/GrayScale/229.png,3,41.png
./utils/GrayScale/203.png,3,42.png
./utils/GrayScale/233.png,2,43.png
./utils/GrayScale/270.png,3,44.png
./utils/GrayScale/299.png,3,45.png
./utils/GrayScale/294.png,3,46.png
./utils/GrayScale/216.png,2,47.png
./utils/GrayScale/276.png,2,48.png
./utils/GrayScale/258.png,3,49.png
./utils/GrayScale/237.png,3,50.png
./utils/GrayScale/285.png,3,51.png
./utils/GrayScale/260.png,3,52.png
./utils/GrayScale/247.png,3,53.png
./utils/GrayScale/200.png,3,54.png
./utils/GrayScale/275.png,2,55.png
./utils/GrayScale/244.png,3,56.png
./utils/GrayScale/232.png,3,57.png
./utils/GrayScale/255.png,3,58.png
./utils/GrayScale/204.png,2,59.png
./utils/GrayScale/283.png,2,60.png
./utils/GrayScale/240.png,3,61.png
./utils/GrayScale/253.png,3,62.png
./utils/GrayScale/212.png,3,63.png
./utils/GrayScale/287.png,3,64.png
./utils/GrayScale/223.png,2,65.png
./utils/GrayScale/296.png,2,66.png
./utils/GrayScale/260.png,2,67.png
./utils/GrayScale/256.png,2,68.png
./utils/GrayScale/201.png,2,69.png
./utils/GrayScale/295.png,2,70.png
./utils/GrayScale/244.png,3,71.png
./utils/GrayScale/290.png,3,72.png
./utils/GrayScale/245.png,2,73.png
./utils/GrayScale/254.png,3,74.png
./utils/GrayScale/213.png,3,75.png
./utils/GrayScale/239.png,3,76.png
./utils/GrayScale/228.png,3,77.png
./utils/GrayScale/219.png,3,78.png
./utils/GrayScale/276.png,2,79.png
./utils/GrayScale/275.png,3,80.png
./utils/GrayScale/299.png,3,81.png
./utils/GrayScale/201.png,3,82.png
./utils/GrayScale/298.png,3,83.png
./utils/GrayScale/245.png,3,84.png
./utils/GrayScale/256.png,2,85.png
./utils/GrayScale/203.png,2,86.png
./utils/GrayScale/291.png,3,87.png
./utils/GrayScale/280.png,3,88.png
./utils/GrayScale/238.png,3,89.png
./utils/GrayScale/285.png,3,90.png
./utils/GrayScale/249.png,3,91.png
./utils/GrayScale/255.png,3,92.png
./utils/GrayScale/241.png,2,93.png
./utils/GrayScale/279.png,3,94.png
./utils/GrayScale/234.png,2,95.png
./utils/GrayScale/217.png,2,96.png
./utils/GrayScale/230.png,2,97.png
./utils/GrayScale/250.png,3,98.png
./utils/GrayScale/264.png,3,99.png
./utils/GrayScale/232.png,2,100.png
./utils/GrayScale/277.png,2,101.png
./utils/GrayScale/244.png,3,102.png
./utils/GrayScale/260.png,2,103.png
./utils/GrayScale/265.png,2,104.png
./utils/GrayScale/244.png,3,105.png
./utils/GrayScale/222.png,3,106.png
./utils/GrayScale/244.png,2,107.png
./utils/GrayScale/297.png,2,108.png
./utils/GrayScale/213.png,2,109.png
./utils/GrayScale/282.png,3,110.png
./utils/GrayScale/244.png,2,111.png
./utils/GrayScale/293.png,2,112.png
./utils/GrayScale/237.png,3,113.png
./utils/GrayScale/239.png,2,114.png
./utils/GrayScale/237.png,3,115.png
./utils/GrayScale/261.png,2,116.png
./utils/GrayScale/279.png,2,117.png
./utils/GrayScale/206.png,2,118.png
./utils/GrayScale/248.png,2,119.png
./utils/GrayScale/224.png,3,120.png
./utils/GrayScale/201.png,3,121.png
./utils/GrayScale/228.png,2,122.png
./utils/GrayScale/297.png,3,123.png
./utils/GrayScale/237.png,3,124.png
./utils/GrayScale/251.png,2,125.png
./utils/GrayScale/258.png,2,126.png
./utils/GrayScale/295.png,3,127.png
./utils/GrayScale/282.png,3,128.png
./utils/GrayScale/236.png,3,129.png
./utils/GrayScale/217.png,2,130.png
./utils/GrayScale/236.png,2,131.png
./utils/GrayScale/272.png,3,132.png
./utils/GrayScale/238.png,3,133.png
./utils/GrayScale/212.png,3,134.png
./utils/GrayScale/238.png,3,135.png
./utils/GrayScale/211.png,2,136.png
./utils/GrayScale/251.png,3,137.png
./utils/GrayScale/258.png,3,138.png
./utils/GrayScale/220.png,2,139.png
./utils/GrayScale/230.png,3,140.png
./utils/GrayScale/261.png,3,141.png
./utils/GrayScale/242.png,2,142.png
./utils/GrayScale/267.png,2,143.png
./utils/GrayScale/272.png,2,144.png
./utils/GrayScale/270.png,2,145.png
./utils/GrayScale/283.png,2,146.png
./utils/GrayScale/299.png,2,147.png
./utils/GrayScale/281.png,2,148.png
./utils/GrayScale/244.png,3,149.png
./utils/GrayScale/242.png,2,150.png
./utils/GrayScale/252.png,2,151.png
./utils/GrayScale/264.png,2,152.png
./utils/GrayScale/291.png,2,153.png
./utils/GrayScale/299.png,3,154.png
./utils/GrayScale/297.png,2,155.png
./utils/GrayScale/271.png,2,156.png
./utils/GrayScale/201.png,2,157.png
./utils/GrayScale/240.png,3,158.png
./utils/GrayScale/200.png,3,159.png
./utils/GrayScale/223.png,3,160.png
./utils/GrayScale/223.png,3,161.png
./utils/GrayScale/297.png,3,162.png
./utils/GrayScale/254.png,3,163.png
./utils/GrayScale/238.png,3,164.png
./utils/GrayScale/262.png,2,165.png
./utils/GrayScale/264.png,3,166.png
./utils/GrayScale/254.png,2,167.png
./utils/GrayScale/203.png,3,168.png
./utils/GrayScale/245.png,2,169.png
./utils/GrayScale/299.png,3,170.png
./utils/GrayScale/273.png,2,171.png
./utils/GrayScale/247.png,3,172.png
./utils/GrayScale/212.png,2,173.png
./utils/GrayScale/213.png,2,174.png
./utils/GrayScale/290.png,2,175.png
./utils/GrayScale/277.png,3,176.png
./utils/GrayScale/246.png,2,177.png
./utils/GrayScale/256.png,3,178.png
./utils/GrayScale/230.png,2,179.png
./utils/GrayScale/247.png,3,180.png
./utils/GrayScale/247.png,3,181.png
./utils/GrayScale/261.png,2,182.png
./utils/GrayScale/270.png,3,183.png
./utils/GrayScale/275.png,3,184.png
./utils/GrayScale/274.png,2,185.png
./utils/GrayScale/245.png,2,186.png
./utils/GrayScale/289.png,2,187.png
./utils/GrayScale/235.png,2,188.png
./utils/GrayScale/235.png,2,189.png
./utils/GrayScale/274.png,2,190.png
./utils/GrayScale/258.png,2,191.png
./utils/GrayScale/229.png,2,192.png
./utils/GrayScale/286.png,2,193.png
./utils/GrayScale/260.png,3,194.png
./utils/GrayScale/258.png,3,195.png
./utils/GrayScale/269.png,2,196.png
./utils/GrayScale/252.png,3,197.png
./utils/GrayScale/295.png,3,198.png
./utils/GrayScale/242.png,3,199.png
